-- ========================================
-- 006_seed_erp_transaction.sql
-- 퓨어웰 음료㈜ ERP 거래 데이터
-- 3개월치 데이터 (2024년 9월 ~ 11월)
-- ========================================

-- ========================================
-- 1. 발주서 (purchase_order)
-- ========================================

INSERT INTO purchase_order (po_no, vendor_cd, order_date, expected_date, status, total_amount, created_by) VALUES
('PO-2024-0901', 'VD-001', '2024-09-02', '2024-09-05', 'COMPLETED', 86250000, 'buyer01'),
('PO-2024-0902', 'VD-002', '2024-09-03', '2024-09-06', 'COMPLETED', 48875000, 'buyer01'),
('PO-2024-0903', 'VD-003', '2024-09-05', '2024-09-10', 'COMPLETED', 69000000, 'buyer01'),
('PO-2024-1001', 'VD-001', '2024-10-02', '2024-10-05', 'COMPLETED', 94875000, 'buyer01'),
('PO-2024-1002', 'VD-004', '2024-10-03', '2024-10-08', 'COMPLETED', 29900000, 'buyer01'),
('PO-2024-1003', 'VD-005', '2024-10-07', '2024-10-12', 'COMPLETED', 21850000, 'buyer02'),
('PO-2024-1101', 'VD-002', '2024-11-01', '2024-11-05', 'COMPLETED', 52900000, 'buyer01'),
('PO-2024-1102', 'VD-006', '2024-11-04', '2024-11-08', 'COMPLETED', 106375000, 'buyer01'),
('PO-2024-1103', 'VD-001', '2024-11-15', '2024-11-20', 'PARTIAL', 80500000, 'buyer02');

-- 발주 상세
INSERT INTO purchase_order_dtl (po_no, seq, item_cd, qty, unit_price, amount, received_qty) VALUES
('PO-2024-0901', 1, 'RM-001', 50, 1035000, 9000000, 287),
('PO-2024-0901', 2, 'RM-008', 500, 69000, 6000000, 2875),
('PO-2024-0902', 1, 'RM-002', 200, 143750, 5000000, 1150),
('PO-2024-0902', 2, 'RM-003', 150, 103500, 2700000, 862),
('PO-2024-0902', 3, 'RM-009', 100, 46000, 800000, 575),
('PO-2024-0903', 1, 'PKG-001', 50000, 690, 6000000, 287500),
('PO-2024-0903', 2, 'PKG-003', 50000, 345, 3000000, 287500),
('PO-2024-0903', 3, 'PKG-004', 50000, 345, 3000000, 287500),
('PO-2024-1001', 1, 'RM-001', 60, 1035000, 10800000, 345),
('PO-2024-1001', 2, 'RM-005', 100, 327750, 5700000, 575),
('PO-2024-1002', 1, 'RM-004', 30, 690000, 3600000, 172),
('PO-2024-1002', 2, 'RM-015', 20, 460000, 1600000, 115),
('PO-2024-1003', 1, 'RM-010', 50, 258750, 2250000, 287),
('PO-2024-1003', 2, 'RM-011', 30, 258750, 1350000, 172),
('PO-2024-1003', 3, 'RM-012', 5, 230000, 200000, 28),
('PO-2024-1101', 1, 'RM-002', 180, 143750, 4500000, 1035),
('PO-2024-1101', 2, 'RM-003', 200, 103500, 3600000, 1150),
('PO-2024-1101', 3, 'RM-013', 50, 126500, 1100000, 287),
('PO-2024-1102', 1, 'PKG-001', 80000, 690, 9600000, 460000),
('PO-2024-1102', 2, 'PKG-002', 50000, 575, 5000000, 287500),
('PO-2024-1102', 3, 'PKG-006', 5000, 4485, 3900000, 28750),
('PO-2024-1103', 1, 'RM-001', 70, 1035000, 12600000, 230),
('PO-2024-1103', 2, 'RM-014', 20, 402500, 1400000, 57);

-- ========================================
-- 2. 입고 (inbound)
-- ========================================

INSERT INTO inbound (inbound_no, po_no, vendor_cd, inbound_date, inbound_type, status) VALUES
('IN-2024-0905-001', 'PO-2024-0901', 'VD-001', '2024-09-05', 'NORMAL', 'PASSED'),
('IN-2024-0906-001', 'PO-2024-0902', 'VD-002', '2024-09-06', 'NORMAL', 'PASSED'),
('IN-2024-0910-001', 'PO-2024-0903', 'VD-003', '2024-09-10', 'NORMAL', 'PASSED'),
('IN-2024-1005-001', 'PO-2024-1001', 'VD-001', '2024-10-05', 'NORMAL', 'PASSED'),
('IN-2024-1008-001', 'PO-2024-1002', 'VD-004', '2024-10-08', 'NORMAL', 'PASSED'),
('IN-2024-1012-001', 'PO-2024-1003', 'VD-005', '2024-10-12', 'NORMAL', 'PASSED'),
('IN-2024-1105-001', 'PO-2024-1101', 'VD-002', '2024-11-05', 'NORMAL', 'PASSED'),
('IN-2024-1108-001', 'PO-2024-1102', 'VD-006', '2024-11-08', 'NORMAL', 'PASSED'),
('IN-2024-1120-001', 'PO-2024-1103', 'VD-001', '2024-11-20', 'NORMAL', 'PARTIAL');

-- 입고 상세 (LOT 부여)
INSERT INTO inbound_dtl (inbound_no, seq, item_cd, lot_no, qty, unit_price, mfg_date, exp_date, inspect_result, inspect_date, storage_loc) VALUES
('IN-2024-0905-001', 1, 'RM-001', 'RM001-240905-01', 50, 180000, '2024-09-01', '2025-09-01', 'PASS', '2024-09-05', 'COLD-A01'),
('IN-2024-0905-001', 2, 'RM-008', 'RM008-240905-01', 500, 12000, '2024-08-20', '2026-08-20', 'PASS', '2024-09-05', 'WH-B02'),
('IN-2024-0906-001', 1, 'RM-002', 'RM002-240906-01', 200, 25000, '2024-08-15', '2026-08-15', 'PASS', '2024-09-06', 'WH-A01'),
('IN-2024-0906-001', 2, 'RM-003', 'RM003-240906-01', 150, 18000, '2024-08-10', '2025-08-10', 'PASS', '2024-09-06', 'WH-A02'),
('IN-2024-0906-001', 3, 'RM-009', 'RM009-240906-01', 100, 8000, '2024-07-01', '2027-07-01', 'PASS', '2024-09-06', 'WH-C01'),
('IN-2024-0910-001', 1, 'PKG-001', 'PKG001-240910-01', 50000, 120, '2024-09-01', NULL, 'PASS', '2024-09-10', 'WH-D01'),
('IN-2024-0910-001', 2, 'PKG-003', 'PKG003-240910-01', 50000, 60, '2024-09-01', NULL, 'PASS', '2024-09-10', 'WH-D02'),
('IN-2024-0910-001', 3, 'PKG-004', 'PKG004-240910-01', 50000, 60, '2024-09-01', NULL, 'PASS', '2024-09-10', 'WH-D03'),
('IN-2024-1005-001', 1, 'RM-001', 'RM001-241005-01', 60, 180000, '2024-10-01', '2025-10-01', 'PASS', '2024-10-05', 'COLD-A01'),
('IN-2024-1005-001', 2, 'RM-005', 'RM005-241005-01', 100, 57000, '2024-09-20', '2026-09-20', 'PASS', '2024-10-05', 'WH-A03'),
('IN-2024-1008-001', 1, 'RM-004', 'RM004-241008-01', 30, 120000, '2024-09-15', '2025-09-15', 'PASS', '2024-10-08', 'WH-A04'),
('IN-2024-1008-001', 2, 'RM-015', 'RM015-241008-01', 20, 80000, '2024-09-10', '2026-09-10', 'PASS', '2024-10-08', 'WH-A05'),
('IN-2024-1012-001', 1, 'RM-010', 'RM010-241012-01', 50, 45000, '2024-10-01', '2025-10-01', 'PASS', '2024-10-12', 'COLD-B01'),
('IN-2024-1012-001', 2, 'RM-011', 'RM011-241012-01', 30, 45000, '2024-10-01', '2025-10-01', 'PASS', '2024-10-12', 'COLD-B02'),
('IN-2024-1012-001', 3, 'RM-012', 'RM012-241012-01', 5, 40000, '2024-10-01', '2025-10-01', 'PASS', '2024-10-12', 'COLD-B03'),
('IN-2024-1105-001', 1, 'RM-002', 'RM002-241105-01', 180, 25000, '2024-10-20', '2026-10-20', 'PASS', '2024-11-05', 'WH-A01'),
('IN-2024-1105-001', 2, 'RM-003', 'RM003-241105-01', 200, 18000, '2024-10-15', '2025-10-15', 'PASS', '2024-11-05', 'WH-A02'),
('IN-2024-1105-001', 3, 'RM-013', 'RM013-241105-01', 50, 22000, '2024-10-25', '2026-10-25', 'PASS', '2024-11-05', 'COLD-C01'),
('IN-2024-1108-001', 1, 'PKG-001', 'PKG001-241108-01', 80000, 120, '2024-11-01', NULL, 'PASS', '2024-11-08', 'WH-D01'),
('IN-2024-1108-001', 2, 'PKG-002', 'PKG002-241108-01', 50000, 100, '2024-11-01', NULL, 'PASS', '2024-11-08', 'WH-D02'),
('IN-2024-1108-001', 3, 'PKG-006', 'PKG006-241108-01', 5000, 780, '2024-11-01', NULL, 'PASS', '2024-11-08', 'WH-D04'),
('IN-2024-1120-001', 1, 'RM-001', 'RM001-241120-01', 40, 180000, '2024-11-15', '2025-11-15', 'PASS', '2024-11-20', 'COLD-A02');

-- ========================================
-- 3. 생산지시 (production_order)
-- ========================================

INSERT INTO production_order (prod_order_no, bom_cd, plan_date, plan_qty, actual_qty, status, priority, line_cd, start_time, end_time) VALUES
('PROD-2024-09-001', 'BOM-001', '2024-09-10', 2000, 1980, 'COMPLETED', 5, 'LINE-A', '2024-09-10 06:00:00', '2024-09-10 14:00:00'),
('PROD-2024-09-002', 'BOM-003', '2024-09-12', 1500, 1485, 'COMPLETED', 5, 'LINE-A', '2024-09-12 06:00:00', '2024-09-12 14:00:00'),
('PROD-2024-09-003', 'BOM-005', '2024-09-15', 3000, 2970, 'COMPLETED', 4, 'LINE-B', '2024-09-15 06:00:00', '2024-09-15 18:00:00'),
('PROD-2024-10-001', 'BOM-001', '2024-10-08', 2500, 2475, 'COMPLETED', 5, 'LINE-A', '2024-10-08 06:00:00', '2024-10-08 16:00:00'),
('PROD-2024-10-002', 'BOM-007', '2024-10-10', 2000, 1960, 'COMPLETED', 5, 'LINE-B', '2024-10-10 06:00:00', '2024-10-10 14:00:00'),
('PROD-2024-10-003', 'BOM-002', '2024-10-15', 1800, 1782, 'COMPLETED', 4, 'LINE-A', '2024-10-15 06:00:00', '2024-10-15 13:00:00'),
('PROD-2024-11-001', 'BOM-003', '2024-11-05', 2000, 1980, 'COMPLETED', 5, 'LINE-A', '2024-11-05 06:00:00', '2024-11-05 15:00:00'),
('PROD-2024-11-002', 'BOM-006', '2024-11-08', 2500, 2450, 'COMPLETED', 5, 'LINE-B', '2024-11-08 06:00:00', '2024-11-08 16:00:00'),
('PROD-2024-11-003', 'BOM-001', '2024-11-20', 3000, 2850, 'COMPLETED', 4, 'LINE-A', '2024-11-20 06:00:00', '2024-11-20 18:00:00');

-- ========================================
-- 4. Batch LOT (배합)
-- ========================================

INSERT INTO batch_lot (batch_lot_no, prod_order_no, bom_cd, batch_date, batch_size, status, tank_no, start_time, end_time, operator_id) VALUES
('BATCH-240910-001', 'PROD-2024-09-001', 'BOM-001', '2024-09-10', 1000, 'COMPLETED', 'TANK-01', '2024-09-10 06:30:00', '2024-09-10 10:00:00', 'OP001'),
('BATCH-240910-002', 'PROD-2024-09-001', 'BOM-001', '2024-09-10', 1000, 'COMPLETED', 'TANK-02', '2024-09-10 10:30:00', '2024-09-10 14:00:00', 'OP001'),
('BATCH-240912-001', 'PROD-2024-09-002', 'BOM-003', '2024-09-12', 1000, 'COMPLETED', 'TANK-01', '2024-09-12 06:30:00', '2024-09-12 10:30:00', 'OP002'),
('BATCH-240912-002', 'PROD-2024-09-002', 'BOM-003', '2024-09-12', 500, 'COMPLETED', 'TANK-02', '2024-09-12 11:00:00', '2024-09-12 13:30:00', 'OP002'),
('BATCH-240915-001', 'PROD-2024-09-003', 'BOM-005', '2024-09-15', 1000, 'COMPLETED', 'TANK-03', '2024-09-15 06:30:00', '2024-09-15 10:00:00', 'OP003'),
('BATCH-240915-002', 'PROD-2024-09-003', 'BOM-005', '2024-09-15', 1000, 'COMPLETED', 'TANK-01', '2024-09-15 10:30:00', '2024-09-15 14:00:00', 'OP003'),
('BATCH-240915-003', 'PROD-2024-09-003', 'BOM-005', '2024-09-15', 1000, 'COMPLETED', 'TANK-02', '2024-09-15 14:30:00', '2024-09-15 18:00:00', 'OP001'),
('BATCH-241008-001', 'PROD-2024-10-001', 'BOM-001', '2024-10-08', 1000, 'COMPLETED', 'TANK-01', '2024-10-08 06:30:00', '2024-10-08 10:00:00', 'OP001'),
('BATCH-241008-002', 'PROD-2024-10-001', 'BOM-001', '2024-10-08', 1000, 'COMPLETED', 'TANK-02', '2024-10-08 10:30:00', '2024-10-08 14:00:00', 'OP002'),
('BATCH-241008-003', 'PROD-2024-10-001', 'BOM-001', '2024-10-08', 500, 'COMPLETED', 'TANK-03', '2024-10-08 14:30:00', '2024-10-08 16:30:00', 'OP002'),
('BATCH-241010-001', 'PROD-2024-10-002', 'BOM-007', '2024-10-10', 1000, 'COMPLETED', 'TANK-01', '2024-10-10 06:30:00', '2024-10-10 10:00:00', 'OP003'),
('BATCH-241010-002', 'PROD-2024-10-002', 'BOM-007', '2024-10-10', 1000, 'COMPLETED', 'TANK-02', '2024-10-10 10:30:00', '2024-10-10 14:00:00', 'OP003'),
('BATCH-241015-001', 'PROD-2024-10-003', 'BOM-002', '2024-10-15', 1000, 'COMPLETED', 'TANK-01', '2024-10-15 06:30:00', '2024-10-15 10:00:00', 'OP001'),
('BATCH-241015-002', 'PROD-2024-10-003', 'BOM-002', '2024-10-15', 800, 'COMPLETED', 'TANK-02', '2024-10-15 10:30:00', '2024-10-15 13:30:00', 'OP001'),
('BATCH-241105-001', 'PROD-2024-11-001', 'BOM-003', '2024-11-05', 1000, 'COMPLETED', 'TANK-01', '2024-11-05 06:30:00', '2024-11-05 10:30:00', 'OP002'),
('BATCH-241105-002', 'PROD-2024-11-001', 'BOM-003', '2024-11-05', 1000, 'COMPLETED', 'TANK-02', '2024-11-05 11:00:00', '2024-11-05 15:00:00', 'OP002'),
('BATCH-241108-001', 'PROD-2024-11-002', 'BOM-006', '2024-11-08', 1000, 'COMPLETED', 'TANK-03', '2024-11-08 06:30:00', '2024-11-08 10:00:00', 'OP003'),
('BATCH-241108-002', 'PROD-2024-11-002', 'BOM-006', '2024-11-08', 1000, 'COMPLETED', 'TANK-01', '2024-11-08 10:30:00', '2024-11-08 14:00:00', 'OP003'),
('BATCH-241108-003', 'PROD-2024-11-002', 'BOM-006', '2024-11-08', 500, 'COMPLETED', 'TANK-02', '2024-11-08 14:30:00', '2024-11-08 16:30:00', 'OP001'),
('BATCH-241120-001', 'PROD-2024-11-003', 'BOM-001', '2024-11-20', 1000, 'COMPLETED', 'TANK-01', '2024-11-20 06:30:00', '2024-11-20 10:00:00', 'OP001'),
('BATCH-241120-002', 'PROD-2024-11-003', 'BOM-001', '2024-11-20', 1000, 'COMPLETED', 'TANK-02', '2024-11-20 10:30:00', '2024-11-20 14:00:00', 'OP002'),
('BATCH-241120-003', 'PROD-2024-11-003', 'BOM-001', '2024-11-20', 1000, 'COMPLETED', 'TANK-03', '2024-11-20 14:30:00', '2024-11-20 18:00:00', 'OP002');

-- ========================================
-- 5. 충진 LOT
-- ========================================

INSERT INTO filling_lot (filling_lot_no, batch_lot_no, filling_date, line_cd, pkg_item_cd, plan_qty, good_qty, reject_qty, start_time, end_time, status) VALUES
('FILL-240910-001', 'BATCH-240910-001', '2024-09-10', 'LINE-A', 'PKG-001', 2000, 1960, 40, '2024-09-10 10:30:00', '2024-09-10 12:00:00', 'COMPLETED'),
('FILL-240910-002', 'BATCH-240910-002', '2024-09-10', 'LINE-A', 'PKG-001', 2000, 1980, 20, '2024-09-10 14:30:00', '2024-09-10 16:00:00', 'COMPLETED'),
('FILL-240912-001', 'BATCH-240912-001', '2024-09-12', 'LINE-A', 'PKG-001', 2000, 1960, 40, '2024-09-12 11:00:00', '2024-09-12 12:30:00', 'COMPLETED'),
('FILL-240912-002', 'BATCH-240912-002', '2024-09-12', 'LINE-A', 'PKG-001', 1000, 985, 15, '2024-09-12 14:00:00', '2024-09-12 15:00:00', 'COMPLETED'),
('FILL-240915-001', 'BATCH-240915-001', '2024-09-15', 'LINE-B', 'PKG-001', 2000, 1980, 20, '2024-09-15 10:30:00', '2024-09-15 12:00:00', 'COMPLETED'),
('FILL-240915-002', 'BATCH-240915-002', '2024-09-15', 'LINE-B', 'PKG-001', 2000, 1960, 40, '2024-09-15 14:30:00', '2024-09-15 16:00:00', 'COMPLETED'),
('FILL-240915-003', 'BATCH-240915-003', '2024-09-15', 'LINE-B', 'PKG-001', 2000, 1990, 10, '2024-09-15 18:30:00', '2024-09-15 20:00:00', 'COMPLETED'),
('FILL-241008-001', 'BATCH-241008-001', '2024-10-08', 'LINE-A', 'PKG-001', 2000, 1970, 30, '2024-10-08 10:30:00', '2024-10-08 12:00:00', 'COMPLETED'),
('FILL-241008-002', 'BATCH-241008-002', '2024-10-08', 'LINE-A', 'PKG-001', 2000, 1980, 20, '2024-10-08 14:30:00', '2024-10-08 16:00:00', 'COMPLETED'),
('FILL-241008-003', 'BATCH-241008-003', '2024-10-08', 'LINE-A', 'PKG-001', 1000, 985, 15, '2024-10-08 17:00:00', '2024-10-08 18:00:00', 'COMPLETED'),
('FILL-241010-001', 'BATCH-241010-001', '2024-10-10', 'LINE-B', 'PKG-002', 2857, 2800, 57, '2024-10-10 10:30:00', '2024-10-10 12:30:00', 'COMPLETED'),
('FILL-241010-002', 'BATCH-241010-002', '2024-10-10', 'LINE-B', 'PKG-002', 2857, 2820, 37, '2024-10-10 14:30:00', '2024-10-10 16:30:00', 'COMPLETED'),
('FILL-241015-001', 'BATCH-241015-001', '2024-10-15', 'LINE-A', 'PKG-002', 2857, 2830, 27, '2024-10-15 10:30:00', '2024-10-15 12:30:00', 'COMPLETED'),
('FILL-241015-002', 'BATCH-241015-002', '2024-10-15', 'LINE-A', 'PKG-002', 2286, 2260, 26, '2024-10-15 14:00:00', '2024-10-15 15:30:00', 'COMPLETED'),
('FILL-241105-001', 'BATCH-241105-001', '2024-11-05', 'LINE-A', 'PKG-001', 2000, 1975, 25, '2024-11-05 11:00:00', '2024-11-05 12:30:00', 'COMPLETED'),
('FILL-241105-002', 'BATCH-241105-002', '2024-11-05', 'LINE-A', 'PKG-001', 2000, 1965, 35, '2024-11-05 15:30:00', '2024-11-05 17:00:00', 'COMPLETED'),
('FILL-241108-001', 'BATCH-241108-001', '2024-11-08', 'LINE-B', 'PKG-001', 2000, 1970, 30, '2024-11-08 10:30:00', '2024-11-08 12:00:00', 'COMPLETED'),
('FILL-241108-002', 'BATCH-241108-002', '2024-11-08', 'LINE-B', 'PKG-001', 2000, 1980, 20, '2024-11-08 14:30:00', '2024-11-08 16:00:00', 'COMPLETED'),
('FILL-241108-003', 'BATCH-241108-003', '2024-11-08', 'LINE-B', 'PKG-001', 1000, 990, 10, '2024-11-08 17:00:00', '2024-11-08 18:00:00', 'COMPLETED'),
('FILL-241120-001', 'BATCH-241120-001', '2024-11-20', 'LINE-A', 'PKG-001', 2000, 1950, 50, '2024-11-20 10:30:00', '2024-11-20 12:00:00', 'COMPLETED'),
('FILL-241120-002', 'BATCH-241120-002', '2024-11-20', 'LINE-A', 'PKG-001', 2000, 1960, 40, '2024-11-20 14:30:00', '2024-11-20 16:00:00', 'COMPLETED'),
('FILL-241120-003', 'BATCH-241120-003', '2024-11-20', 'LINE-A', 'PKG-001', 2000, 1940, 60, '2024-11-20 18:30:00', '2024-11-20 20:00:00', 'COMPLETED');

-- ========================================
-- 6. 완제품 LOT (fg_lot)
-- ========================================

INSERT INTO fg_lot (fg_lot_no, filling_lot_no, fg_item_cd, qty, mfg_date, exp_date, qc_status, release_date, storage_loc) VALUES
('FG-240910-001', 'FILL-240910-001', 'FG-001', 1960, '2024-09-10', '2025-01-08', 'PASSED', '2024-09-11', 'FG-WH01'),
('FG-240910-002', 'FILL-240910-002', 'FG-001', 1980, '2024-09-10', '2025-01-08', 'PASSED', '2024-09-11', 'FG-WH01'),
('FG-240912-001', 'FILL-240912-001', 'FG-003', 1960, '2024-09-12', '2025-03-11', 'PASSED', '2024-09-13', 'FG-WH02'),
('FG-240912-002', 'FILL-240912-002', 'FG-003', 985, '2024-09-12', '2025-03-11', 'PASSED', '2024-09-13', 'FG-WH02'),
('FG-240915-001', 'FILL-240915-001', 'FG-005', 1980, '2024-09-15', '2025-09-14', 'PASSED', '2024-09-16', 'FG-WH03'),
('FG-240915-002', 'FILL-240915-002', 'FG-005', 1960, '2024-09-15', '2025-09-14', 'PASSED', '2024-09-16', 'FG-WH03'),
('FG-240915-003', 'FILL-240915-003', 'FG-005', 1990, '2024-09-15', '2025-09-14', 'PASSED', '2024-09-16', 'FG-WH03'),
('FG-241008-001', 'FILL-241008-001', 'FG-001', 1970, '2024-10-08', '2025-02-05', 'PASSED', '2024-10-09', 'FG-WH01'),
('FG-241008-002', 'FILL-241008-002', 'FG-001', 1980, '2024-10-08', '2025-02-05', 'PASSED', '2024-10-09', 'FG-WH01'),
('FG-241008-003', 'FILL-241008-003', 'FG-001', 985, '2024-10-08', '2025-02-05', 'PASSED', '2024-10-09', 'FG-WH01'),
('FG-241010-001', 'FILL-241010-001', 'FG-007', 2800, '2024-10-10', '2025-04-08', 'PASSED', '2024-10-11', 'FG-WH04'),
('FG-241010-002', 'FILL-241010-002', 'FG-007', 2820, '2024-10-10', '2025-04-08', 'PASSED', '2024-10-11', 'FG-WH04'),
('FG-241015-001', 'FILL-241015-001', 'FG-002', 2830, '2024-10-15', '2025-02-12', 'PASSED', '2024-10-16', 'FG-COLD01'),
('FG-241015-002', 'FILL-241015-002', 'FG-002', 2260, '2024-10-15', '2025-02-12', 'PASSED', '2024-10-16', 'FG-COLD01'),
('FG-241105-001', 'FILL-241105-001', 'FG-003', 1975, '2024-11-05', '2025-05-04', 'PASSED', '2024-11-06', 'FG-WH02'),
('FG-241105-002', 'FILL-241105-002', 'FG-003', 1965, '2024-11-05', '2025-05-04', 'PASSED', '2024-11-06', 'FG-WH02'),
('FG-241108-001', 'FILL-241108-001', 'FG-006', 1970, '2024-11-08', '2025-11-07', 'PASSED', '2024-11-09', 'FG-WH03'),
('FG-241108-002', 'FILL-241108-002', 'FG-006', 1980, '2024-11-08', '2025-11-07', 'PASSED', '2024-11-09', 'FG-WH03'),
('FG-241108-003', 'FILL-241108-003', 'FG-006', 990, '2024-11-08', '2025-11-07', 'PASSED', '2024-11-09', 'FG-WH03'),
('FG-241120-001', 'FILL-241120-001', 'FG-001', 1950, '2024-11-20', '2025-03-20', 'PASSED', '2024-11-21', 'FG-WH01'),
('FG-241120-002', 'FILL-241120-002', 'FG-001', 1960, '2024-11-20', '2025-03-20', 'PASSED', '2024-11-21', 'FG-WH01'),
('FG-241120-003', 'FILL-241120-003', 'FG-001', 1940, '2024-11-20', '2025-03-20', 'PASSED', '2024-11-21', 'FG-WH01');

-- ========================================
-- 7. 수주 (sales_order)
-- ========================================

INSERT INTO sales_order (so_no, cust_cd, order_date, request_date, status, total_amount, ship_address, created_by) VALUES
('SO-2024-09-001', 'CT-001', '2024-09-12', '2024-09-15', 'COMPLETED', 455758800, '서울시 성동구 성수동 이마트 성수점', 'sales01'),
('SO-2024-09-002', 'CT-002', '2024-09-14', '2024-09-17', 'COMPLETED', 341819100, '서울시 중구 롯데마트 명동점', 'sales01'),
('SO-2024-09-003', 'CT-005', '2024-09-18', '2024-09-20', 'COMPLETED', 227879400, '서울시 송파구 잠실동 헬스24 물류센터', 'sales02'),
('SO-2024-10-001', 'CT-001', '2024-10-10', '2024-10-13', 'COMPLETED', 569698500, '서울시 성동구 성수동 이마트 물류센터', 'sales01'),
('SO-2024-10-002', 'CT-004', '2024-10-12', '2024-10-15', 'COMPLETED', 379799000, '경기도 성남시 분당구 한국건강식품 물류센터', 'sales01'),
('SO-2024-10-003', 'CT-007', '2024-10-18', '2024-10-21', 'COMPLETED', 284849250, '서울시 강남구 역삼동 GS25 물류센터', 'sales02'),
('SO-2024-11-001', 'CT-008', '2024-11-07', '2024-11-10', 'COMPLETED', 683638200, '서울시 송파구 신천동 쿠팡 물류센터', 'sales01'),
('SO-2024-11-002', 'CT-003', '2024-11-12', '2024-11-15', 'COMPLETED', 227879400, '서울시 강남구 삼성동 CU 물류센터', 'sales02'),
('SO-2024-11-003', 'CT-006', '2024-11-22', '2024-11-25', 'SHIPPED', 170909550, 'Tokyo, Japan Healthy Japan 물류센터', 'sales01');

-- 수주 상세
INSERT INTO sales_order_dtl (so_no, seq, item_cd, qty, unit_price, amount, allocated_qty, shipped_qty) VALUES
('SO-2024-09-001', 1, 'FG-001', 6740, 5880, 227879400, 2000, 11500),
('SO-2024-09-001', 2, 'FG-003', 6740, 5880, 227879400, 2000, 11500),
('SO-2024-09-002', 1, 'FG-001', 5055, 5880, 170909550, 1500, 8625),
('SO-2024-09-002', 2, 'FG-005', 5055, 5880, 170909550, 1500, 8625),
('SO-2024-09-003', 1, 'FG-005', 6740, 5880, 227879400, 2000, 11500),
('SO-2024-10-001', 1, 'FG-001', 10110, 5880, 341819100, 3000, 17250),
('SO-2024-10-001', 2, 'FG-005', 6740, 5880, 227879400, 2000, 11500),
('SO-2024-10-002', 1, 'FG-007', 10110, 5200, 302289000, 3000, 17250),
('SO-2024-10-002', 2, 'FG-002', 3370, 4000, 77510000, 1000, 5750),
('SO-2024-10-003', 1, 'FG-002', 8425, 5880, 284849250, 2500, 14375),
('SO-2024-11-001', 1, 'FG-003', 10110, 5880, 341819100, 3000, 17250),
('SO-2024-11-001', 2, 'FG-006', 10110, 5880, 341819100, 3000, 17250),
('SO-2024-11-002', 1, 'FG-001', 6740, 5880, 227879400, 2000, 11500),
('SO-2024-11-003', 1, 'FG-006', 5055, 5880, 170909550, 1500, 8625);

-- ========================================
-- 8. 출고 (outbound)
-- ========================================

INSERT INTO outbound (outbound_no, so_no, cust_cd, ship_date, status, carrier, tracking_no) VALUES
('OUT-2024-09-001', 'SO-2024-09-001', 'CT-001', '2024-09-15', 'DELIVERED', 'CJ대한통운', 'CJ123456789'),
('OUT-2024-09-002', 'SO-2024-09-002', 'CT-002', '2024-09-17', 'DELIVERED', 'CJ대한통운', 'CJ234567890'),
('OUT-2024-09-003', 'SO-2024-09-003', 'CT-005', '2024-09-20', 'DELIVERED', '한진택배', 'HJ345678901'),
('OUT-2024-10-001', 'SO-2024-10-001', 'CT-001', '2024-10-13', 'DELIVERED', 'CJ대한통운', 'CJ456789012'),
('OUT-2024-10-002', 'SO-2024-10-002', 'CT-004', '2024-10-15', 'DELIVERED', '롯데택배', 'LT567890123'),
('OUT-2024-10-003', 'SO-2024-10-003', 'CT-007', '2024-10-21', 'DELIVERED', 'CJ대한통운', 'CJ678901234'),
('OUT-2024-11-001', 'SO-2024-11-001', 'CT-008', '2024-11-10', 'DELIVERED', 'CJ대한통운', 'CJ789012345'),
('OUT-2024-11-002', 'SO-2024-11-002', 'CT-003', '2024-11-15', 'DELIVERED', '한진택배', 'HJ890123456'),
('OUT-2024-11-003', 'SO-2024-11-003', 'CT-006', '2024-11-25', 'SHIPPED', 'DHL', 'DHL901234567');

-- 출고 상세
INSERT INTO outbound_dtl (outbound_no, seq, item_cd, fg_lot_no, qty, pick_time, picker_id) VALUES
('OUT-2024-09-001', 1, 'FG-001', 'FG-240910-001', 1960, '2024-09-14 14:00:00', 'PICK01'),
('OUT-2024-09-001', 2, 'FG-001', 'FG-240910-002', 40, '2024-09-14 14:30:00', 'PICK01'),
('OUT-2024-09-001', 3, 'FG-003', 'FG-240912-001', 1960, '2024-09-14 15:00:00', 'PICK02'),
('OUT-2024-09-001', 4, 'FG-003', 'FG-240912-002', 40, '2024-09-14 15:30:00', 'PICK02'),
('OUT-2024-09-002', 1, 'FG-001', 'FG-240910-002', 1500, '2024-09-16 10:00:00', 'PICK01'),
('OUT-2024-09-002', 2, 'FG-005', 'FG-240915-001', 1500, '2024-09-16 10:30:00', 'PICK01'),
('OUT-2024-09-003', 1, 'FG-005', 'FG-240915-001', 480, '2024-09-19 14:00:00', 'PICK02'),
('OUT-2024-09-003', 2, 'FG-005', 'FG-240915-002', 1520, '2024-09-19 14:30:00', 'PICK02'),
('OUT-2024-10-001', 1, 'FG-001', 'FG-241008-001', 1970, '2024-10-12 09:00:00', 'PICK01'),
('OUT-2024-10-001', 2, 'FG-001', 'FG-241008-002', 1030, '2024-10-12 09:30:00', 'PICK01'),
('OUT-2024-10-001', 3, 'FG-005', 'FG-240915-002', 440, '2024-10-12 10:00:00', 'PICK02'),
('OUT-2024-10-001', 4, 'FG-005', 'FG-240915-003', 1560, '2024-10-12 10:30:00', 'PICK02'),
('OUT-2024-10-002', 1, 'FG-007', 'FG-241010-001', 2800, '2024-10-14 14:00:00', 'PICK01'),
('OUT-2024-10-002', 2, 'FG-007', 'FG-241010-002', 200, '2024-10-14 14:30:00', 'PICK01'),
('OUT-2024-10-002', 3, 'FG-002', 'FG-241015-001', 1000, '2024-10-14 15:00:00', 'PICK02'),
('OUT-2024-10-003', 1, 'FG-002', 'FG-241015-001', 1830, '2024-10-20 10:00:00', 'PICK01'),
('OUT-2024-10-003', 2, 'FG-002', 'FG-241015-002', 670, '2024-10-20 10:30:00', 'PICK01'),
('OUT-2024-11-001', 1, 'FG-003', 'FG-241105-001', 1975, '2024-11-09 09:00:00', 'PICK02'),
('OUT-2024-11-001', 2, 'FG-003', 'FG-241105-002', 1025, '2024-11-09 09:30:00', 'PICK02'),
('OUT-2024-11-001', 3, 'FG-006', 'FG-241108-001', 1970, '2024-11-09 10:00:00', 'PICK01'),
('OUT-2024-11-001', 4, 'FG-006', 'FG-241108-002', 1030, '2024-11-09 10:30:00', 'PICK01'),
('OUT-2024-11-002', 1, 'FG-001', 'FG-241120-001', 1950, '2024-11-14 14:00:00', 'PICK02'),
('OUT-2024-11-002', 2, 'FG-001', 'FG-241120-002', 50, '2024-11-14 14:30:00', 'PICK02'),
('OUT-2024-11-003', 1, 'FG-006', 'FG-241108-002', 950, '2024-11-24 09:00:00', 'PICK01'),
('OUT-2024-11-003', 2, 'FG-006', 'FG-241108-003', 550, '2024-11-24 09:30:00', 'PICK01');

-- ========================================
-- 9. 재고 (inventory) - 현재 재고 스냅샷
-- ========================================

-- 원료 재고
INSERT INTO inventory (item_cd, lot_no, location, qty, reserved_qty, unit, exp_date, last_move_date) VALUES
('RM-001', 'RM001-241120-01', 'COLD-A02', 35, 0, 'KG', '2025-11-15', '2024-11-21'),
('RM-002', 'RM002-241105-01', 'WH-A01', 120, 0, 'KG', '2026-10-20', '2024-11-20'),
('RM-003', 'RM003-241105-01', 'WH-A02', 150, 0, 'KG', '2025-10-15', '2024-11-20'),
('RM-005', 'RM005-241005-01', 'WH-A03', 60, 0, 'KG', '2026-09-20', '2024-11-08'),
('RM-008', 'RM008-240905-01', 'WH-B02', 200, 0, 'KG', '2026-08-20', '2024-11-20'),
('RM-010', 'RM010-241012-01', 'COLD-B01', 30, 0, 'KG', '2025-10-01', '2024-11-20'),
('RM-011', 'RM011-241012-01', 'COLD-B02', 20, 0, 'KG', '2025-10-01', '2024-11-08'),
('RM-013', 'RM013-241105-01', 'COLD-C01', 40, 0, 'KG', '2026-10-25', '2024-11-20');

-- 포장재 재고
INSERT INTO inventory (item_cd, lot_no, location, qty, reserved_qty, unit, exp_date, last_move_date) VALUES
('PKG-001', 'PKG001-241108-01', 'WH-D01', 40000, 0, 'EA', NULL, '2024-11-20'),
('PKG-002', 'PKG002-241108-01', 'WH-D02', 40000, 0, 'EA', NULL, '2024-11-15'),
('PKG-003', 'PKG003-240910-01', 'WH-D02', 25000, 0, 'EA', NULL, '2024-11-20'),
('PKG-004', 'PKG004-240910-01', 'WH-D03', 30000, 0, 'EA', NULL, '2024-11-20'),
('PKG-006', 'PKG006-241108-01', 'WH-D04', 4500, 0, 'EA', NULL, '2024-11-20');

-- 완제품 재고
INSERT INTO inventory (item_cd, lot_no, location, qty, reserved_qty, unit, exp_date, last_move_date) VALUES
('FG-001', 'FG-241120-002', 'FG-WH01', 1910, 0, 'EA', '2025-03-20', '2024-11-21'),
('FG-001', 'FG-241120-003', 'FG-WH01', 1940, 0, 'EA', '2025-03-20', '2024-11-21'),
('FG-002', 'FG-241015-002', 'FG-COLD01', 1590, 0, 'EA', '2025-02-12', '2024-11-21'),
('FG-003', 'FG-241105-002', 'FG-WH02', 940, 0, 'EA', '2025-05-04', '2024-11-10'),
('FG-006', 'FG-241108-003', 'FG-WH03', 440, 0, 'EA', '2025-11-07', '2024-11-25'),
('FG-007', 'FG-241010-002', 'FG-WH04', 2620, 0, 'EA', '2025-04-08', '2024-11-15');
